2号线集庆门大街精装带燃气单室套,https://nj.58.com/pinpaigongyu/3259081159580682x.shtml?psid=141755430222756860181033721&houseId=3259081159580682&dataSource=6&from=&legourl=//legoclick.58.com/jump?target=szq8pB3draOWUvYf0A-80A7Guvq8uL-ds1NvnHTzPHcznWD1PjnkXaO1pZwVUT7bsHP6mHDdmWmksHDzmW0VPjcYraYOuhcvsH9LnvNknHFBujnkm9D3nj9krjb3njDkP1cOPEDKn1cdrHT3nHDdrHN3njm3n9DkTHDknTDQsjnQnTDQP1cKnHmOrHEOrHbLnj9vP9DQTNujsgKWsyIfUhIOIid_pgPYUARhIadlpA-bpyOMTHDKnHnKTiYQTEDQP1cQP1TLn1T1rH0zrHNYnHD1THmKph-6wvNlnWTkn7tYnjTkTHDKrynYPjmdnWEVrH-WnzYYPWEQsy76P1NVPvEdmvF6mHNznjubTHDLnWDLnj01njEkrHT1rHTdnWbKnH0znH0kP1nkPjTvPHczPj0krTDKTEDKTiYKTEDKTHDznB3OPB3QPjE8nHnkTHTKnTDKnik1nHDKXLYKnHTkrj0KnHTkn1cdPEDOPAEdPy7-mBYzmyu-sHE1PyNVmHmdraY3PWb1rHwhnyDzryNKTHTKTEDkTHDLnBkQP1N_n1c1nWNKnE78IyQ_THEQPjEdPjELmvm3nHndmhn&tid=94d55aeb-2afe-435e-a658-869394f1a29e&slotid=1003255&productid=&bizresource=0&clickreferer=&extParam=%7B%22ppgy_stats%22%3A%7B%22pageSource%22%3A%22%22%2C%22resource%22%3A%2258%22%2C%22abVersion%22%3A%22%22%2C%22launchid%22%3A%22%22%7D%7D&dataSource=6&listSource=gy_58&nojump=1&listSource=gy_58
大观天地旁,https://nj.58.com/pinpaigongyu/3253298089910282x.shtml?psid=141755430222756860181033721&houseId=3253298089910282&dataSource=6&from=&legourl=//legoclick.58.com/jump?target=szq8pB3draOWUvYf0A-80A7Guvq8uL-ds1NvnjNLn1EQrH9YnHEYXaO1pZwVUT7bsHP6mHDdmWmksHDzmW0VPjcYraYOuhcvsH9LnvNknHFBujnkm9DYrHNQnHcOPHN3PjTzn9DKn1cdn1cOrjT3rHbQnjc3n9DkTHDknTDQsjnQnTDQP1cKnHmOrHEOrHbLnj9vPkDzTNujsgKWsyIfUhIOIid_pgPYUARhIadlpA-bpyOMTHDKnHnKTiYQTEDQP1cznWTvPH9vrHTYnjNQP1DzTHmKph-6wvNlnWTkn7tYnjTkTHDKuW6BuyR6ryDVujEvuaYYm19ksH66nyEVP1IbujTYmHN3rj7bTHDLnWcznjmdrjmOP1bdPjbQrjNKnH0znWckPWN3PWbdrjNvrHELn9DKTEDKTiYKTEDKTHDznB3OPB3QPjE8nHnkTHTKnTDKnik1nHDKXLYKnHTkrj0KnHTkn1cdPEDQrjNQmyF-mBYLPWTOsHw-uHNVryw6miYLmhDLmyDYmvELPj0KTHTKTEDkTHDLnBkQP1E_PjNYPkDQTyOdUAkKmWu6nWN1uhRBnyEkmvmOPk&tid=1851abeb-7609-4ee5-9daa-7ba7aa4cd747&slotid=1003255&productid=&bizresource=0&clickreferer=&extParam=%7B%22ppgy_stats%22%3A%7B%22pageSource%22%3A%22%22%2C%22resource%22%3A%2258%22%2C%22abVersion%22%3A%22%22%2C%22launchid%22%3A%22%22%7D%7D&dataSource=6&listSource=gy_58&nojump=1&listSource=gy_58
南京南站万科九都荟单室套绿地之窗高铁网谷证大复地云树软件大道,https://nj.58.com/pinpaigongyu/3182936859107333x.shtml?psid=141755430222756860181033721&houseId=3182936859107333&dataSource=6&from=&legourl=//legoclick.58.com/jump?target=szq8pB3draOWUvYf0A-80A7Guvq8uL-ds1NdPHTLPWEYrjmLnWNkXaO1pZwVUT7bsHP6mHDdmWmksHDzmW0VPjcYraYOuhcvsH9LnvNknHFBujnkm9DOPH9LnHmvnH9vnjDQnkDKn1D3nWb1PW9drHDkP1n1nkDkTHDknTDQsjnQnTDQP1cKnHmOrHEOrHbLnj9vPkD1TNujsgKWsyIfUhIOIid_pgPYUARhIadlpA-bpyOMTHDKnHnKTiYQTEDQP1czPjnOPWbdrj9OnHcOPj0dTHmKph-6wvNlnWTkn7tYnjTkTHDKuHmOrAcQuHDVnhn3uaYYn1c1sH-hmhNVnhF6PHR6myRhm16bTHDLnWcYn1bvrHN3rjbQnWN1P1mKnH0znWE1rHmOPH9vn1bvP10YPEDKTEDKTiYKTEDKTHDznB3OPB3QPjE8nHnkTHTKnTDKnik1nHDKXLYKnHTkrj0KnHTkn1cdPEDOPj9Ymy7bnaY1mhELsHwBPhDVmWTYuiYdnjDvuHNkuyu6PHmKTHTKTEDkTHDLnBkzrHmdsjDQrjmzTHDKUMR_UTD3nWm3nHEkujDdPh76mWT3&tid=9484aad0-3bd7-4b6a-b04e-5016e50efa56&slotid=1003255&productid=&bizresource=0&clickreferer=&extParam=%7B%22ppgy_stats%22%3A%7B%22pageSource%22%3A%22%22%2C%22resource%22%3A%2258%22%2C%22abVersion%22%3A%22%22%2C%22launchid%22%3A%22%22%7D%7D&dataSource=6&listSource=gy_58&nojump=1&listSource=gy_58
大明路明发广场卡子门软件大道云树公馆复地宴南都保利堂悦,https://nj.58.com/pinpaigongyu/3243581011303439x.shtml?psid=141755430222756860181033721&houseId=3243581011303439&dataSource=6&from=&legourl=//legoclick.58.com/jump?target=szq8pB3draOWUvYf0A-80A7Guvq8uL-ds1NdrH9QPjcLn1TLrHDdXaO1pZwVUT7bsHP6mHDdmWmksHDzmW0VPjcYraYOuhcvsH9LnvNknHFBujnkm9DvPj9vP1TYPjbQP1cvPTDKn1cYn1N3nHTQnHnkn1E1rEDkTHDknTDQsjnQnTDQP1cKnHmOrHEOrHbLnj9vPkDYTNujsgKWsyIfUhIOIid_pgPYUARhIadlpA-bpyOMTHDKnHnKTiYQTEDQP1cznHbkrHmvP1mzn1TLPH9YTHmKph-6wvNlnWTkn7tYnjTkTHDKnhEzPAmYuAEVPHcLPaYYPWD1syDOPWmVuj9QPH93nW76P1E3THDLnWcQrHTOPWm3PjmQrjD1P1mKnH0znWDOnjbvPW9zPHcznWDYPEDKTEDKTiYKTEDKTHDznB3OPB3QPjE8nHnkTHTKnTDKnik1nHDKXLYKnHTkrj0KnHTkn1cdPE7-PHc1P1b3uBd6rycksHwBPjEVmynLnzd-mhmkmWDLnhN3mWNKTHTKTEDkTHDLnBkQP10_PHNOnEDQTyOdUAkKP19Om10YPHIbuHubn1uBu9&tid=e523798f-a9b0-4b44-ac73-ebf0b172e8b5&slotid=1003255&productid=&bizresource=0&clickreferer=&extParam=%7B%22ppgy_stats%22%3A%7B%22pageSource%22%3A%22%22%2C%22resource%22%3A%2258%22%2C%22abVersion%22%3A%22%22%2C%22launchid%22%3A%22%22%7D%7D&dataSource=6&listSource=gy_58&nojump=1&listSource=gy_58
大行宫科巷繁华地段整租独卫带厨房,https://nj.58.com/pinpaigongyu/3249325294724107x.shtml?psid=141755430222756860181033721&houseId=3249325294724107&dataSource=6&from=&legourl=//legoclick.58.com/jump?target=szq8pB3draOWUvYf0A-80A7Guvq8uL-ds1Nvnjcvn1TYPHcznWE3XaO1pZwVUT7bsHP6mHDdmWmksHDzmW0VPjcYraYOuhcvsH9LnvNknHFBujnkm9DvPjE3PH0LrHcdnHcQPkDKn1cYrHnzPHcOPj0zPjDkPkDkTHDknTDQsjnQnTDQP1cKnHmOrHEOrHbLnj9vPkDdTNujsgKWsyIfUhIOIid_pgPYUARhIadlpA-bpyOMTHDKnHnKTiYQTEDQP1ckn1cdrHEdrjEdPjDQrjEQTHmKph-6wvNlnWTkn7tYnjTkTHDKPjK6nH6buWDVuW91raYYuWnYsHbvmHTVmW6Bnjmvnj0QPv7bTHDLnWT1nWNOPjNOnWTOnjNznH0KnH0znjnzPHbYPH9OrHbzPHNQPTDKTEDKTiYKTEDKTHDznB3OPB3QPjE8nHnkTHTKnTDKnik1nHDKXLYKnHTkrj0KnHTkn1cdPED1uWTLnAELPzdWrHI6sHEkP1cVmhN3rad6mH-6nWwhm1RBmHNKTHTKTEDkTHDLnBkQP10_rj0LrEDQTyOdUAkKnjbvryDOmHNvm1NvPW6bPE&tid=3f070d77-c97a-4072-be88-aa9a24fc5ba5&slotid=1003255&productid=&bizresource=0&clickreferer=&extParam=%7B%22ppgy_stats%22%3A%7B%22pageSource%22%3A%22%22%2C%22resource%22%3A%2258%22%2C%22abVersion%22%3A%22%22%2C%22launchid%22%3A%22%22%7D%7D&dataSource=6&listSource=gy_58&nojump=1&listSource=gy_58
明发广场地铁口云树公馆厅卧分离单室套临南京南证大万科中兴华为,https://nj.58.com/pinpaigongyu/3198372754121740x.shtml?psid=141755430222756860181033721&houseId=3198372754121740&dataSource=6&from=&legourl=//legoclick.58.com/jump?target=szq8pB3draOWUvYf0A-80A7Guvq8uL-ds1NdPWc3nWnLrjTkn1EkXaO1pZwVUT7bsHP6mHDdmWmksHDzmW0VPjcYraYOuhcvsH9LnvNknHFBujnkm9DOPH9LnHmvnH9vnjDQnkDKn1DOrjnLnW0dPjDznH0YnTDkTHDknTDQsjnQnTDQP1cKnHmOrHEOrHbLnj9vPkDvTNujsgKWsyIfUhIOIid_pgPYUARhIadlpA-bpyOMTHDKnHnKTiYQTEDQP1cznj0LnjTkPHbLrjc1Pj9OTHmKph-6wvNlnWTkn7tYnjTkTHDKPHT3PHnYuhDVnvNzuBYYnWTzsyF6nW0VPyPBmHDdm19YuhEYTHDLnWckP10knjTvP1n1nHm3PW9KnH0znWTLP1TknjmdnWnYnHcYrTDKTEDKTiYKTEDKTHDznB3OPB3QPjE8nHnkTHTKnTDKnik1nHDKXLYKnHTkrj0KnHTkn1cdPEDQnH-6mvndPBd6uHDzsHEYuADVmW0OnidbP1Tvm1nLujELm1TKTHTKTEDkTHDLnBk3P1bvsjnzn1ndTHDKUMR_UTDdrAwbnHRBuWR6nvw6PHnv&tid=119acc56-ae12-44da-b791-d706c37d47c0&slotid=1003255&productid=&bizresource=0&clickreferer=&extParam=%7B%22ppgy_stats%22%3A%7B%22pageSource%22%3A%22%22%2C%22resource%22%3A%2258%22%2C%22abVersion%22%3A%22%22%2C%22launchid%22%3A%22%22%7D%7D&dataSource=6&listSource=gy_58&nojump=1&listSource=gy_58
铁心桥地铁口200米,https://nj.58.com/pinpaigongyu/3262255204081667x.shtml?psid=141755430222756860181033721&houseId=3262255204081667&dataSource=6&from=&legourl=//legoclick.58.com/jump?target=szq8pB3draOWUvYf0A-80A7Guvq8uL-ds1NvnHcLn1DOPjn3P10vXaO1pZwVUT7bsHP6mHDdmWmksHDzmW0VPjcYraYOuhcvsH9LnvNknHFBujnkm9DOrjnQnWnkPWDzPj9dnEDKn1cvnWcdPHckPjT3nHmvPkDkTHDknTDQsjnQnTDQP1cKnHmOrHEOrHbLnj9vPkDLTNujsgKWsyIfUhIOIid_pgPYUARhIadlpA-bpyOMTHDKnHnKTiYQTEDQP1cznjcvPjTOnjnLnH9OnHckTHmKph-6wvNlnWTkn7tYnjTkTHDKm1wbm1T1nAnVPHc3mBYYPAmLsyFBPjmVmHEOPW76uWnLujFhTHDLnWcknWmYnjbQnj9YrHm1rjEKnH0znWTzPWEkrHTOnH0zP1nvnEDKTEDKTiYKTEDKTHDznB3OPB3QPjE8nHnkTHTKnTDKnik1nHDKXLYKnHTkrj0KnHTkn1cdPE7hujbzmhP-ridbPjEYsHwWmWmVrHcdnzY3PAndn10OnhNznj0KTHTKTEDkTHDLnBk3P1bvsj93njDKnE78IyQ_TyF6PvRhmHIbPycQnAPWm1E&tid=fd92bce9-d444-4cb6-9253-84c53792e207&slotid=1003255&productid=&bizresource=0&clickreferer=&extParam=%7B%22ppgy_stats%22%3A%7B%22pageSource%22%3A%22%22%2C%22resource%22%3A%2258%22%2C%22abVersion%22%3A%22%22%2C%22launchid%22%3A%22%22%7D%7D&dataSource=6&listSource=gy_58&nojump=1&listSource=gy_58
近2号线雨润大街,https://nj.58.com/pinpaigongyu/3273289316099077x.shtml?psid=141755430222756860181033721&houseId=3273289316099077&dataSource=6&from=&legourl=//legoclick.58.com/jump?target=szq8pB3draOWUvYf0A-80A7Guvq8uL-ds1NvnWD1PHc1PjnOPHT3XaO1pZwVUT7bsHP6mHDdmWmksHDzmW0VPjcYraYOuhcvsH9LnvNknHFBujnkm9DLP1D3P1Tdnjm3n1bQn9DKn1cLn1c3rHnQPWTOrHTLPkDkTHDknTDQsjnQnTDQP1cKnHmOrHEOrHbLnj9vPkD3TNujsgKWsyIfUhIOIid_pgPYUARhIadlpA-bpyOMTHDKnHnKTiYQTEDQP1czPjcOP1cznjDkn19vPjnzTHmKph-6wvNlnWTkn7tYnjTkTHDKnj-WrjRBPAnVujPbPzYYuAP6syDvPHNVnAEdnHFbuyNLnhN3THDLnWcYnWbLnWckrHTkP1TknH0KnH0znWEzrH0znWTvrHTOPjEknEDKTEDKTiYKTEDKTHDznB3OPB3QPjE8nHnkTHTKnTDKnik1nHcKXLYKnHTkrj0KnHTkn1cdPE76PywhrjbdmBdBrHnYsHEzmW9VmWDduidhm1-hujEdPhndm1TKTHTKTEDkTHDLnBkQP1N_rj0LPTDQTyOdUAkKnHbYryPhPhD1nW6BPAEdu9&tid=a5df895b-b934-42b8-b15e-fc9fd456c5c0&slotid=1003255&productid=&bizresource=0&clickreferer=&extParam=%7B%22ppgy_stats%22%3A%7B%22pageSource%22%3A%22%22%2C%22resource%22%3A%2258%22%2C%22abVersion%22%3A%22%22%2C%22launchid%22%3A%22%22%7D%7D&dataSource=6&listSource=gy_58&nojump=1&listSource=gy_58
清辉园,https://nj.58.com/pinpaigongyu/3274640928381967x.shtml?psid=141755430222756860181033721&houseId=3274640928381967&dataSource=6&from=&legourl=//legoclick.58.com/jump?target=szq8pB3draOWUvYf0A-80A7Guvq8uL-ds1NvnWcYnj9zrHDznjDvXaO1pZwVUT7bsHP6mHDdmWmksHDzmW0VPjcYraYOuhcvsH9LnvNknHFBujnkm9DQrHmdnjEYnjbQnjNOrEDKn1cLPjmYnjbzrjn3nHbvPkDkTHDknTDQsjnQnTDQP1cKnHmOrHEOrHbLnj9vPkDOTNujsgKWsyIfUhIOIid_pgPYUARhIadlpA-bpyOMTHDKnHnKTiYQTEDQP1cQPjDYnj0QrHnYn1DzPjE3THmKph-6wvNlnWTkn7tYnjTkTHDKPHKhnAR-nvNVmvc1uBYYn17bsyD1nWTVmWT1rADOnAEdrANQTHDLnWDYnHEkP1cknHEknj91nWDKnH0znHEQPjTLnHbOn1T1nW0kPEDKTEDKTiYKTEDKTHDznB3OPB3QPjE8nHnkTHTKnTDKnik1nHDKXLYKnHTkrj0KnHTkn1cdPED3mWK6nWDYnBY3Ph7hsHELryDVmhndPBYvnhP-mhckn1T1njDKTHTKTEDkTHDLnBkQP1N_n1c1nWEKnE78IyQ_TH7-PW66mWEYm1-BryR-uAc&tid=8b0a2142-86af-479a-bc56-62cebb030301&slotid=1003255&productid=&bizresource=0&clickreferer=&extParam=%7B%22ppgy_stats%22%3A%7B%22pageSource%22%3A%22%22%2C%22resource%22%3A%2258%22%2C%22abVersion%22%3A%22%22%2C%22launchid%22%3A%22%22%7D%7D&dataSource=6&listSource=gy_58&nojump=1&listSource=gy_58
精装独卫单室套！鼓楼玄武门三牌楼新街口珠江路朝南拎包住家电全,https://nj.58.com/pinpaigongyu/3164125542948879x.shtml?psid=141755430222756860181033721&tid=others-654c4fc308f44&houseId=3164125542948879&dataSource=1&from=&legourl=&listSource=gy_58
东柏果园,https://nj.58.com/pinpaigongyu/3226759167434759x.shtml?psid=141755430222756860181033721&tid=others-654c4fc308f85&houseId=3226759167434759&dataSource=1&from=&legourl=&listSource=gy_58
周边便利,https://nj.58.com/pinpaigongyu/3267284211751950x.shtml?psid=141755430222756860181033721&tid=others-654c4fc308fdb&houseId=3267284211751950&dataSource=1&from=&legourl=&listSource=gy_58
南京南站证大喜玛拉眼|紧靠绿地之窗|精装独厨独卫单室套,https://nj.58.com/pinpaigongyu/3023012319256586x.shtml?psid=141755430222756860181033721&tid=others-654c4fc309034&houseId=3023012319256586&dataSource=1&from=&legourl=&listSource=gy_58
一三号线南京南站A1小公馆|仅靠绿地喜玛拉雅|随时入住,https://nj.58.com/pinpaigongyu/3262195564895245x.shtml?psid=141755430222756860181033721&tid=others-654c4fc309099&houseId=3262195564895245&dataSource=1&from=&legourl=&listSource=gy_58
三山街,https://nj.58.com/pinpaigongyu/3273412938227725x.shtml?psid=141755430222756860181033721&tid=others-654c4fc3090fa&houseId=3273412938227725&dataSource=1&from=&legourl=&listSource=gy_58
张府园,https://nj.58.com/pinpaigongyu/3276152719696906x.shtml?psid=141755430222756860181033721&tid=others-654c4fc309157&houseId=3276152719696906&dataSource=1&from=&legourl=&listSource=gy_58
云南路地铁口,https://nj.58.com/pinpaigongyu/3267691550663690x.shtml?psid=141755430222756860181033721&tid=others-654c4fc3091b1&houseId=3267691550663690&dataSource=1&from=&legourl=&listSource=gy_58
龙江,https://nj.58.com/pinpaigongyu/3253149156466688x.shtml?psid=141755430222756860181033721&tid=others-654c4fc309212&houseId=3253149156466688&dataSource=1&from=&legourl=&listSource=gy_58
精装整租两居室。鼓楼，云南路地铁口，鼓楼南京大学，鼓楼医院。,https://nj.58.com/pinpaigongyu/3122955183611919x.shtml?psid=141755430222756860181033721&tid=others-654c4fc30926d&houseId=3122955183611919&dataSource=1&from=&legourl=&listSource=gy_58
限时特价！,https://nj.58.com/pinpaigongyu/3243488329442313x.shtml?psid=141755430222756860181033721&tid=others-654c4fc3092c9&houseId=3243488329442313&dataSource=1&from=&legourl=&listSource=gy_58
整租3号线,https://nj.58.com/pinpaigongyu/3213984216062984x.shtml?psid=141755430222756860181033721&tid=others-654c4fc309320&houseId=3213984216062984&dataSource=1&from=&legourl=&listSource=gy_58
整租3号线,https://nj.58.com/pinpaigongyu/3213976433385481x.shtml?psid=141755430222756860181033721&tid=others-654c4fc30936e&houseId=3213976433385481&dataSource=1&from=&legourl=&listSource=gy_58
证大喜玛拉雅南京南万科城际空间站绿地之窗中兴华为软件大道,https://nj.58.com/pinpaigongyu/3181231195119627x.shtml?psid=164528567222756860635398173&tid=others-654c4fc677692&houseId=3181231195119627&dataSource=1&from=&legourl=&listSource=gy_58
央企品牌公寓直租单室套,https://nj.58.com/pinpaigongyu/3154259715399687x.shtml?psid=164528567222756860635398173&tid=others-654c4fc677736&houseId=3154259715399687&dataSource=1&from=&legourl=&listSource=gy_58
一号线南京南站双龙大道站绿地之窗证大喜玛拉雅万科九都荟,https://nj.58.com/pinpaigongyu/3068264332238857x.shtml?psid=164528567222756860635398173&tid=others-654c4fc6777bd&houseId=3068264332238857&dataSource=1&from=&legourl=&listSource=gy_58
韩府坊精装单室,https://nj.58.com/pinpaigongyu/3266465120952329x.shtml?psid=164528567222756860635398173&tid=others-654c4fc67782d&houseId=3266465120952329&dataSource=1&from=&legourl=&listSource=gy_58
花园城,https://nj.58.com/pinpaigongyu/3260251794496517x.shtml?psid=164528567222756860635398173&tid=others-654c4fc677893&houseId=3260251794496517&dataSource=1&from=&legourl=&listSource=gy_58
南京南站双龙大道万科大都会,https://nj.58.com/pinpaigongyu/3186880421078019x.shtml?psid=164528567222756860635398173&tid=others-654c4fc67792a&houseId=3186880421078019&dataSource=1&from=&legourl=&listSource=gy_58
新街口,https://nj.58.com/pinpaigongyu/3254531758055424x.shtml?psid=164528567222756860635398173&tid=others-654c4fc677978&houseId=3254531758055424&dataSource=1&from=&legourl=&listSource=gy_58
南京南站万科尚都荟绿地之窗万科都荟天地软件大道双龙大道,https://nj.58.com/pinpaigongyu/3150249220071430x.shtml?psid=164528567222756860635398173&tid=others-654c4fc6779dc&houseId=3150249220071430&dataSource=1&from=&legourl=&listSource=gy_58
省二中医院,https://nj.58.com/pinpaigongyu/3219165557054475x.shtml?psid=164528567222756860635398173&tid=others-654c4fc677a44&houseId=3219165557054475&dataSource=1&from=&legourl=&listSource=gy_58
翠屏山地铁南航,https://nj.58.com/pinpaigongyu/3205314267373572x.shtml?psid=164528567222756860635398173&tid=others-654c4fc677ab0&houseId=3205314267373572&dataSource=1&from=&legourl=&listSource=gy_58
近省中医,https://nj.58.com/pinpaigongyu/3257420005137419x.shtml?psid=164528567222756860635398173&tid=others-654c4fc677b0f&houseId=3257420005137419&dataSource=1&from=&legourl=&listSource=gy_58
3号线小市南京站泛悦城市广场花样喜年中心网红装修独门独户公寓,https://nj.58.com/pinpaigongyu/3192316996379651x.shtml?psid=164528567222756860635398173&tid=others-654c4fc677b69&houseId=3192316996379651&dataSource=1&from=&legourl=&listSource=gy_58
鼓楼湖南路马台街虹桥中山北路五十中欧式装修2楼双南两房可月付,https://nj.58.com/pinpaigongyu/3243209477267468x.shtml?psid=164528567222756860635398173&tid=others-654c4fc677bc9&houseId=3243209477267468&dataSource=1&from=&legourl=&listSource=gy_58
融寓三牌楼店直租,https://nj.58.com/pinpaigongyu/3243441273906176x.shtml?psid=164528567222756860635398173&tid=others-654c4fc677c37&houseId=3243441273906176&dataSource=1&from=&legourl=&listSource=gy_58
南湖公园,https://nj.58.com/pinpaigongyu/3123413340855303x.shtml?psid=164528567222756860635398173&tid=others-654c4fc677ca7&houseId=3123413340855303&dataSource=1&from=&legourl=&listSource=gy_58
